{
  "concepts": {
    "Enclosure": {
      "schema": {
        "name": {
          "string": {
            "default": "Enclosure"
          }
        },
        "user": {
          "string": {
            "derive": {
              "concepts": ["UserManager"],
              "properties": ["localUser"],
              "transform": [
                { "get": "localUser" }
              ]
            }
          }
        },
        "username": {
          "string": {
            "derive": {
              "concepts": ["UserManager", "User"],
              "properties": ["localUser"],
              "transform": [
                { "get": "localUser" },
                { "select": {
                    "target": "$get$"
                }},
                { "get": "name" }
              ]
            }
          }
        }
      }
    }
  }
}
