{
    "imports": {
        "three": "https://esm.sh/v135/three@0.169.0?dev=&target=es2024&external=*",
        "three/": "https://esm.sh/v135/three@0.169.0&dev&target=es2024&external=*/",
        "three-stdlib": "https://esm.sh/v135/three-stdlib@2.30.4?dev=&target=es2024&external=*",
        "three-mesh-bvh": "https://esm.sh/v135/three-mesh-bvh@0.7.6?dev=&target=es2024&external=*",
        "react": "https://esm.sh/v135/react@18.3.1?dev=&target=es2024&external=*",
        "react/": "https://esm.sh/v135/react@18.3.1&dev&target=es2024&external=*/",
        "react-dom": "https://esm.sh/v135/react-dom@18.3.1?dev=&target=es2024&external=*",
        "react-dom/": "https://esm.sh/v135/react-dom@18.3.1&dev&target=es2024&external=*/",
        "react-is": "https://esm.sh/v135/react-is@18.3.1?dev=&target=es2024&external=*",
        "react-composer": "https://esm.sh/v135/react-composer@5.0.3?dev=&target=es2024&external=*",
        "react-use-measure": "https://esm.sh/v135/react-use-measure@2.1.1?dev=&target=es2024&external=*",
        "react-merge-refs": "https://esm.sh/v135/react-merge-refs@1.1.0?dev=&target=es2024&external=*",
        "react-reconciler": "https://esm.sh/v135/react-reconciler@0.29.2?dev=&target=es2024&external=*",
        "react-reconciler/": "https://esm.sh/v135/react-reconciler@0.29.2&dev&target=es2024&external=*/",
        "react-error-boundary": "https://esm.sh/v135/react-error-boundary@4.0.13?dev=&target=es2024&external=*",
        "@react-three/fiber": "https://esm.sh/v135/@react-three/fiber@8.17.10?dev=&target=es2024&external=*",
        "@react-three/drei": "https://esm.sh/v135/@react-three/drei@9.114.4?dev=&target=es2024&external=*",
        "@react-three/xr": "https://esm.sh/v135/@react-three/xr@6.2.15?dev=&target=es2024&external=*",
        "@pmndrs/xr": "https://esm.sh/v135/@pmndrs/xr@6.2.15?dev=&target=es2024&external=*",
        "@pmndrs/xr/": "https://esm.sh/v135/@pmndrs/xr@6.2.15&dev&target=es2024&external=*/",
        "@pmndrs/pointer-events": "https://esm.sh/v135/@pmndrs/pointer-events@6.2.15?dev=&target=es2024&external=*",
        "@iwer/devui": "https://esm.sh/v135/@iwer/devui@0.1.1?dev=&target=es2024&external=*",
        "@react-three/uikit": "https://esm.sh/v135/@react-three/uikit@0.6.0?dev=&target=es2024&external=*",
        "@react-three/uikit-apfel": "https://esm.sh/v135/@react-three/uikit-apfel@0.6.0?dev=&target=es2024&external=*",
        "@react-three/uikit-lucide": "https://esm.sh/v135/@react-three/uikit-lucide@0.6.0?dev=&target=es2024&external=*",
        "@pmndrs/uikit": "https://esm.sh/v135/@pmndrs/uikit@0.6.0?dev=&target=es2024&external=*",
        "@pmndrs/uikit/": "https://esm.sh/v135/@pmndrs/uikit@0.6.0&dev&target=es2024&external=*/",
        "@react-spring/three": "https://esm.sh/v135/@react-spring/three@9.7.3?dev=&target=es2024&external=*",
        "@react-spring/core": "https://esm.sh/v135/@react-spring/core@9.7.3?dev=&target=es2024&external=*",
        "@react-spring/shared": "https://esm.sh/v135/@react-spring/shared@9.7.3?dev=&target=es2024&external=*",
        "@react-spring/animated": "https://esm.sh/v135/@react-spring/animated@9.7.3?dev=&target=es2024&external=*",
        "@react-spring/types": "https://esm.sh/v135/@react-spring/types@9.7.3?dev=&target=es2024&external=*",
        "@react-spring/rafz": "https://esm.sh/v135/@react-spring/rafz@9.7.3?dev=&target=es2024&external=*",
        "zustand": "https://esm.sh/v135/zustand@4.5.5?dev=&target=es2024&external=*",
        "zustand/": "https://esm.sh/v135/zustand@4.5.5&dev&target=es2024&external=*/",
        "lodash": "https://esm.sh/v135/lodash@4.17.21?dev=&target=es2024&external=*",
        "lodash.pick": "https://esm.sh/v135/lodash.pick@4.4.0?dev=&target=es2024&external=*",
        "lodash.omit": "https://esm.sh/v135/lodash.omit@4.5.0?dev=&target=es2024&external=*",
        "lodash.clamp": "https://esm.sh/v135/lodash.clamp@4.0.3?dev=&target=es2024&external=*",
        "lodash.merge": "https://esm.sh/v135/lodash.merge@4.6.2?dev=&target=es2024&external=*",
        "lodash.mergewith": "https://esm.sh/v135/lodash.mergewith@4.6.2?dev=&target=es2024&external=*",
        "@babel/runtime/helpers/esm/extends": "https://esm.sh/v135/@babel/runtime@7.24.8/helpers/extends?dev=&target=es2024&external=*",
        "@monogrid/gainmap-js": "https://esm.sh/v135/@monogrid/gainmap-js@3.0.5?dev=&target=es2024&external=*",
        "@preact/signals-core": "https://esm.sh/v135/@preact/signals-core@1.6.1?dev=&target=es2024&external=*",
        "bidi-js": "https://esm.sh/v135/bidi-js@1.0.3?dev=&target=es2024&external=*",
        "camera-controls": "https://esm.sh/v135/camera-controls@2.8.5?dev=&target=es2024&external=*",
        "debounce": "https://esm.sh/v135/debounce@2.1.0?dev=&target=es2024&external=*",
        "detect-gpu": "https://esm.sh/v135/detect-gpu@5.0.40?dev=&target=es2024&external=*",
        "fast-json-patch": "https://esm.sh/v135/fast-json-patch@3.1.1?dev=&target=es2024&external=*",
        "fflate": "https://esm.sh/v135/fflate@0.8.2?dev=&target=es2024&external=*",
        "inline-style-parser": "https://esm.sh/v135/inline-style-parser@0.2.3?dev=&target=es2024&external=*",
        "its-fine": "https://esm.sh/v135/its-fine@1.2.5?dev=&target=es2024&external=*",
        "json-stringify-pretty-compact": "https://esm.sh/v135/json-stringify-pretty-compact@4.0.0?dev=&target=es2024&external=*",
        "maath": "https://esm.sh/v135/maath@0.10.8?dev=&target=es2024&external=*",
        "meshline": "https://esm.sh/v135/meshline@3.1.6?dev=&target=es2024&external=*",
        "node-html-parser": "https://esm.sh/v135/node-html-parser@6.1.13?dev=&target=es2024",
        "object-assign": "https://esm.sh/v135/object-assign@4.1.1?dev=&target=es2024&external=*",
        "potpack": "https://esm.sh/v135/potpack@2.0.0?dev=&target=es2024&external=*",
        "prettier/": "https://esm.sh/v135/prettier@3.3.2&dev&target=es2024&external=*/",
        "prop-types": "https://esm.sh/v135/prop-types@15.8.1?dev=&target=es2024&external=*",
        "scheduler": "https://esm.sh/v135/scheduler@0.23.2?dev=&target=es2024&external=*",
        "stats.js": "https://esm.sh/v135/stats.js@0.17.0?dev=&target=es2024&external=*",
        "stats-gl": "https://esm.sh/v135/stats-gl@2.2.8?dev=&target=es2024&external=*",
        "suspend-react": "https://esm.sh/v135/suspend-react@0.1.3?dev=&target=es2024&external=*",
        "tunnel-rat": "https://esm.sh/v135/tunnel-rat@0.1.2?dev=&target=es2024&external=*",
        "tw-to-css": "https://esm.sh/v135/tw-to-css@0.0.12?dev=&target=es2024&external=*",
        "troika-three-text": "https://esm.sh/v135/troika-three-text@0.49.0?dev=&target=es2024&external=*",
        "troika-three-utils": "https://esm.sh/v135/troika-three-utils@0.49.0?dev=&target=es2024&external=*",
        "troika-worker-utils": "https://esm.sh/v135/troika-worker-utils@0.49.0?dev=&target=es2024&external=*",
        "use-sync-external-store": "https://esm.sh/v135/use-sync-external-store@1.2.2?dev=&target=es2024&external=*",
        "use-sync-external-store/": "https://esm.sh/v135/use-sync-external-store@1.2.2&dev&target=es2024&external=*/",
        "uuid": "https://esm.sh/v135/uuid@10.0.0?dev=&target=es2024&external=*",
        "webgl-sdf-generator": "https://esm.sh/v135/webgl-sdf-generator@1.1.1?dev=&target=es2024&external=*",
        "yoga-layout/": "https://esm.sh/v135/yoga-layout@3.0.4&dev&target=es2024&external=*/",
        "vega": "https://esm.sh/v135/vega@5.30.0?dev=&target=es2024",
        "vega-embed": "https://esm.sh/v135/vega-embed@6.26.0?dev=&target=es2024",
        "d3": "https://esm.sh/v135/d3@7.9.0?dev=&target=es2024",
        "@use-gesture/core": "./use-gesture-fix.zip/use-gesture-core.esm.js",
        "@use-gesture/core/actions": "./use-gesture-fix.zip/use-gesture-core-actions.esm.js",
        "@use-gesture/react": "https://esm.sh/v135/@use-gesture/react@10.3.1?dev=&external=*&target=es2024",
        "@use-gesture/core/types": "https://esm.sh/v135/@use-gesture/core@10.3.1/types?dev=&external=*&target=es2024",
        "@use-gesture/core/utils": "https://esm.sh/v135/@use-gesture/core@10.3.1/utils?dev=&external=*&target=es2024",
        "tldraw": "https://esm.sh/v135/tldraw@3.7.0?dev=&external=react,react-dom,@use-gesture/react,@use-gesture/core,@use-gesture/core/actions&target=es2024"
    }
}
