{
  "concepts": {
    "VoxelStore": {
      "schema": {
        "user": {
          "string": {
            "default": "Guest"
          }
        },
        "attention": {
          "number": {
            "default": 0
          }
        },
        "distance": {
          "number": {
            "default": 0
          }
        },
        "isTarget": {
          "boolean": {
            "default": false
          }
        },
        "lastSeen": {
          "number": {
            "default": 0
          }
        }
      }
    }
  }
}